Material Code,Material Name,Category,Subcategory,Specific Element,Discipline,Standard,Grade,Brand,Manufacturer,Unit,Base Unit Rate ($),Latest Effective Price ($),Latest Price Date,Cost Code,Status
"MAT-CEIL-001","Gyproc Regular Gypsum Ceiling Board 9mm with Galvanized Furring Channel Grid","Finishes","Ceiling Systems","Ceiling","Architectural","ASTM C1396 / EN 520 Class A","Regular Gypsum 9mm","Saint-Gobain Gyproc / SCG Elephant","Saint-Gobain Gyproc Cambodia","m²","9.9","9.9","2026-06-15","09.51.00","Active"
"MAT-CEIL-002","Moisture Resistant (MR) Gypsum Ceiling Board 9mm for Wet Areas","Finishes","Ceiling Systems","Ceiling","Architectural","ASTM C1396 Type H / EN 520 Type H2","MR Moisture Resistant","Saint-Gobain Gyproc Aqua / Knauf Hydro","Saint-Gobain Gyproc Cambodia","m²","11.77","11.77","2026-06-15","09.51.00","Active"
"MAT-CEIL-003","Acoustic Mineral Fiber Ceiling Tile 600x600mm T-Bar Grid System","Finishes","Acoustical Ceilings","Ceiling","Architectural","ASTM E1264 Type III / EN 13964","Acoustic Fine Fissured RH95","Armstrong / Knauf AMF","Saint-Gobain Gyproc & Knauf Cambodia","m²","14.79","14.79","2026-05-20","09.51.00","Active"
"MAT-CEIL-004","Armstrong Acoustic Mineral Fiber Suspended Ceiling Tile 600x600x15mm Tegular Edge","Finishes","Ceiling Systems","Ceiling","Architectural","ASTM E1264 Type III / EN 13964 / BS 476 Class 0","Commercial Acoustic Grade / Class A Flame Spread","Armstrong / USG Boral","Saint-Gobain Gyproc & Knauf Cambodia","m²","12.43","12.43","2026-06-16","09.51.13","Active"
"MAT-CEIL-005","Architectural Aluminum U-Baffle Linear Ceiling System 50x100mm Natural Walnut Wrap","Finishes","Ceiling Systems","Ceiling","Architectural","EN 13964 / ASTM B209 / Class A Fire Rating","Architectural Alloy 3003-H14","Hunter Douglas / SCG","Saint-Gobain Gyproc & Knauf Cambodia","m²","42.13","42.13","2026-06-18","09.54.00","Active"
"MAT-CEM-001","Ordinary Portland Cement (OPC Type I - 50kg bag)","Concrete & Cement","Bagged Cement","Masonry & Plastering","Civil/Structural","ASTM C150 Type I / EN 197-1 CEM I 42.5N","CEM I 42.5N","Camel Brand / Insee Extra","Siam City Cement Co.","bag","5.17","5.17","2026-07-01","03.05.00","Active"
"MAT-CL-001","Gypsum Board Suspended Ceiling","Finishes - Ceiling","Suspended Ceilings","Ceiling","Architectural","ASTM C1396 / EN 520","Standard Commercial","Gyproc / Knauf","Saint-Gobain / Knauf Gips KG","m²","17.45","17.45","2026-08-15","09.51.13","Active"
"MAT-CL-002","Gypsum Board Direct-Fixed Ceiling","Finishes - Ceiling","Direct-Fixed Ceilings","Ceiling","Architectural","ASTM C1396 / EN 520","Standard Residential","Gyproc / USG Boral","Saint-Gobain / USG Boral","m²","0","0","","09.51.14","Active"
"MAT-CL-003","Moisture-Resistant Gypsum Ceiling","Finishes - Ceiling","Suspended Ceilings","Ceiling","Architectural","ASTM C1396 Type H / EN 520 Type H2","Moisture-Resistant (Green Board)","Gyproc AquaROC / Knauf Hydro","Saint-Gobain / Knauf","m²","21.08","21.08","2026-08-18","09.51.15","Active"
"MAT-CL-004","Fire-Rated Gypsum Ceiling","Finishes - Ceiling","Fire-Rated Systems","Ceiling","Architectural","ASTM E119 / BS 476 Part 22 / EN 520 Type F","Fire-Shield Type X (1hr/2hr FR)","Gyproc FireLine / Promat Masterboard","Saint-Gobain / Etex Promat","m²","0","0","","09.51.16","Active"
"MAT-CL-005","Cement Board Ceiling","Finishes - Ceiling","Exterior & Wet Ceilings","Ceiling","Architectural","ASTM C1186 / EN 12467 Class 1","Grade 1 Exterior / Wet Duty","SCG SmartBoard / James Hardie HardieBacker","Siam Cement Group / James Hardie","m²","0","0","","09.51.17","Active"
"MAT-CL-006","Mineral Fiber Acoustic Tile","Finishes - Ceiling","Acoustic Ceilings","Ceiling","Architectural","ASTM E1264 Type III / EN 13964","Acoustic Commercial Grade (NRC 0.70)","Armstrong Fine Fissured / USG Radar","Armstrong World Industries / USG Corp","m²","25.63","25.63","2026-08-20","09.51.23","Active"
"MAT-CL-007","Metal Lay-In Ceiling","Finishes - Ceiling","Metal Ceilings","Ceiling","Architectural","EN 13964 / ASTM C635","Architectural Grade Aluminum 3003-H14","Hunter Douglas / Durlum","Hunter Douglas Architectural / Durlum GmbH","m²","0","0","","09.51.33","Active"
"MAT-CL-008","Metal Clip-In Ceiling","Finishes - Ceiling","Metal Ceilings","Ceiling","Architectural","EN 13964 Class A1 Fire Safe","Concealed Carrier System","Armstrong MetalClip / SAS International","Armstrong / SAS International UK","m²","48.7","48.7","2026-08-22","09.51.34","Active"
"MAT-CL-009","Metal Hook-On Ceiling","Finishes - Ceiling","Metal Ceilings","Ceiling","Architectural","EN 13964 / BS 8290","High-Traffic Heavy Commercial","Hunter Douglas / Lindner Group","Lindner Group / Hunter Douglas","m²","0","0","","09.51.35","Active"
"MAT-CL-010","Aluminium Linear Ceiling","Finishes - Ceiling","Linear Ceilings","Ceiling","Architectural","ASTM B209 / EN 13964","Roll-Formed Aluminum Alloy 3005","Hunter Douglas Luxalon / Alucobond","Hunter Douglas Architectural","m²","0","0","","09.51.36","Active"
"MAT-CL-011","Aluminium Strip Ceiling","Finishes - Ceiling","Linear Ceilings","Ceiling","Architectural","AAMA 2605 / EN 13964 Wind Load Tested","Exterior Wind-Load Tested PVDF","Hunter Douglas Luxalon Exterior","Hunter Douglas Architectural","m²","0","0","","09.51.37","Active"
"MAT-CL-012","Aluminium Baffle Ceiling","Finishes - Ceiling","Baffle Ceilings","Ceiling","Architectural","ASTM B221 / EN 13964","Architectural Extrusion 6063-T5","Armstrong Metal Baffles / Hunter Douglas","Armstrong / Hunter Douglas","m²","0","0","","09.51.38","Active"
"MAT-CL-013","Metal Baffle Ceiling","Finishes - Ceiling","Baffle Ceilings","Ceiling","Architectural","ASTM C423 / ISO 354 Sound Absorption","Sound Absorption NRC >= 0.85","Ecophon / SAS Baffle 500","SAS International / Saint-Gobain Ecophon","m²","0","0","","09.51.39","Active"
"MAT-CL-014","Open Cell / Open Grid Ceiling","Finishes - Ceiling","Open Cell Ceilings","Ceiling","Architectural","EN 13964 Class A1 Fire Safe","Open Cell Monolithic Grid","Durlum Open Sky / Hunter Douglas Cell","Durlum GmbH / Hunter Douglas","m²","0","0","","09.51.40","Active"
"MAT-CL-015","Expanded Metal Ceiling","Finishes - Ceiling","Metal Ceilings","Ceiling","Architectural","DIN 791 / EN 13964","Architectural Mesh Grade","Lindner Mesh / Durlum Rhomboid","Lindner Group / Durlum GmbH","m²","0","0","","09.51.41","Active"
"MAT-CL-016","PVC Panel Ceiling","Finishes - Ceiling","Synthetic & PVC Ceilings","Ceiling","Architectural","ASTM D1784 / ISO 9001","Waterproof Rigid PVC Class 1","Plastik Ceiling / Everbuild","Everbuild / Shide Building Materials","m²","0","0","","09.51.42","Active"
"MAT-CL-017","Wood Panel Ceiling","Finishes - Ceiling","Timber & Wood Ceilings","Ceiling","Architectural","EN 13986 / ASTM E84 Class A Flame Spread","Architectural Premium Wood Veneer","Armstrong WoodWorks / Decoustics","Armstrong Architectural / CertainTeed","m²","0","0","","09.51.43","Active"
"MAT-CL-018","Wood Slat Ceiling","Finishes - Ceiling","Timber & Wood Ceilings","Ceiling","Architectural","FSC Certified 100% / ASTM E84","Select Grade Solid Hardwood Slats","Gustafs Linear Rib / AcousticWood","Gustafs Scandinavia / Timber Innovations","m²","0","0","","09.51.44","Active"
"MAT-CL-019","Acoustic Wood Ceiling","Finishes - Ceiling","Acoustic Ceilings","Ceiling","Architectural","ISO 354 / EN 13964 / ASTM C423","High Acoustic Performance (NRC 0.80+)","Topakustik / Decoustics Quadrillo","Topakustik Switzerland / Saint-Gobain","m²","0","0","","09.51.45","Active"
"MAT-CL-020","Acoustic Fabric Ceiling","Finishes - Ceiling","Acoustic Ceilings","Ceiling","Architectural","ASTM C423 NRC 0.90 / BS 476 Part 7 Class 1","Seamless Architectural Fabric System","BASWA Acoustic / Clipso Acoustic","Clipso Americas / BASWA Acoustic AG","m²","0","0","","09.51.46","Active"
"MAT-CL-021","Stretch Ceiling","Finishes - Ceiling","Membrane Ceilings","Ceiling","Architectural","EN 14716 / NF P 92-507 (M1 Fire Rating)","Flame Retardant M1 / Class 0","Barrisol / Newmat","Normalu Barrisol France / Newmat Corp","m²","0","0","","09.51.47","Active"
"MAT-CL-022","Decorative Feature Ceiling","Finishes - Ceiling","Feature Ceilings","Ceiling","Architectural","ASTM C1381 / BS 8212","Custom Fabricated Architectural GRG","Formglas / Architectural Precast Co.","Formglas Products Ltd / Local Specialist Fabricator","m²","0","0","","09.51.48","Active"
"MAT-CL-023","Acoustic Cloud Ceiling","Finishes - Ceiling","Acoustic Ceilings","Ceiling","Architectural","ASTM E1264 / ISO 354 Sabin Absorption","Free-Hanging Cloud Absorber (High Sabin)","Armstrong SoundScapes / Ecophon Solo","Armstrong Architectural / Ecophon","m² / No.","0","0","","09.51.49","Active"
"MAT-CL-024","Exposed Structure Ceiling","Finishes - Ceiling","Exposed & Industrial Ceilings","Ceiling","Architectural","ASTM E84 / SSPC-SP 13 Concrete Preparation","Industrial Loft Architectural Finish","K-13 Acoustic Thermal / PPG Architectural","International Cellulose Corp / PPG","m²","0","0","","09.51.50","Active"
"MAT-CL-025","Exposed MEP Ceiling","Finishes - Ceiling","Exposed & Industrial Ceilings","Ceiling","Architectural","SMACNA / ASHRAE 90.1 Architectural Exposed Ductwork","Coordinated Architectural MEP Plenum","System Coordinated MEP Specification","Various Coordinated MEP Fabricators","m²","0","0","","09.51.51","Active"
"MAT-CON-001","Ready Mix Concrete C30/37 (EN 206)","Concrete & Cement","Ready Mix Concrete","Superstructure Frames","Civil/Structural","EN 206 / BS 8500","C30/37","Insee Pro / Mekong Mix","Siam City / Mekong Ready-Mix","m³","103.95","103.95","2026-08-05","03.30.10","Active"
"MAT-CON-002","High Performance Concrete C35/45 (EN 206)","Concrete & Cement","Ready Mix Concrete","Vertical Structural Core","Civil/Structural","EN 206 / ACI 318","C35/45","Insee SuperMax","Siam City Concrete","m³","0","0","","03.30.10","Active"
"MAT-CON-003","Lean Concrete C16/20 (Blinding Layer)","Concrete & Cement","Plain Concrete","Substructure Earthworks","Civil/Structural","EN 206","C16/20","Standard Mix","Mekong Ready-Mix","m³","0","0","","03.30.10","Active"
"MAT-CPT-001","Heavy Commercial Nylon Modular Carpet Tile 500x500mm (Class 33 Heavy Commercial)","Finishes","Carpet & Resilient Flooring","Carpet","Architectural","EN 1307 Class 33 / ISO 10361 / CRI Green Label Plus","Commercial Heavy Duty Class 33","Interface / Shaw Contract / Dawn Floors","Dawn Floors & Mekong Interior Solutions","m²","20.57","20.57","2026-06-28","09.68.13","Active"
"MAT-CPT-002","Low-VOC High-Tack Carpet Tile Pressure-Sensitive Tackifier Adhesive","Finishes","Adhesives & Compounds","Carpet","Architectural","EN 13999 / EMICODE EC1 Plus","Release Tackifier Grade","Bostik / Mapei Ultrabond Eco / Dawn Tack","Dawn Floors & Mekong Interior Solutions","bucket","60.5","60.5","2026-06-28","09.68.13","Active"
"MAT-DOOR-004","2-Hour Fire-Rated Heavy Duty Double Leaf Steel Emergency Exit Door with Panic Exit Hardware","Openings","Doors & Frames","Door","Architectural","BS 476 Part 20 & 22 / UL 10C / NFPA 252 / CE Marked","Fire Class FD120 (120 Minutes Fire Rated)","Royal Door / Hafele Hardware","Cambodia Doors JSC & Royal Door Co.","set","455.4","455.4","2026-06-12","08.11.13","Active"
"MAT-DOR-001","Solid Engineered Hardwood Flush Timber Door (900x2100x40mm) with Frame & Lockset","Openings","Timber Doors & Frames","Door","Architectural","BS 4787 / SS 332 / ASTM E90 (Acoustic)","Solid Core Grade A","Cambodia Doors / Royal Woodcraft","Cambodia Doors JSC & Royal Door Co.","set","236.5","236.5","2026-06-20","08.11.00","Active"
"MAT-DOR-002","2-Hour Fire-Rated Steel Egress Door with Panic Hardware & Hydraulic Closer","Openings","Fire Rated Doors","Door","Architectural","BS 476 Part 22 / UL 10C / NFPA 252","FD120 (120 Minutes Fire-Rated)","Cambodia Doors / Royal Fire Safety","Cambodia Doors JSC & Royal Door Co.","set","454.3","454.3","2026-06-20","08.11.00","Active"
"MAT-DOR-003","Waterproof WPC / ABS Interior Bathroom Flush Door with Stainless Steel Hardware","Openings","Specialty Doors","Door","Architectural","ASTM D7031 / ISO 178 / GB/T 24137","Commercial Waterproof WPC","Cambodia Doors WPC / E-Door","Cambodia Doors JSC & Royal Door Co.","set","138.6","138.6","2026-06-20","08.11.00","Active"
"MAT-FAC-001","4mm PVDF Fire-Resistant Aluminum Composite Panel (ACP) Grade B1 for Facades","Building Envelope","Facade & Cladding","Facade & Cladding","Architectural","EN 13501-1 Class B1 / ASTM E84 / AAMA 2605 / ISO 9001","FR Grade B1 (0.50mm Al Skin)","Alpolic / Alubond","SCG Building Materials International","m²","29.15","29.15","2026-06-14","07.42.00","Active"
"MAT-FAC-002","SCG Fiber Cement Decorative Exterior Shiplap Siding Board 16mm Wood Plank Texture","Building Envelope","Facade & Cladding","Facade & Cladding","Architectural","ASTM C1186 Grade II / ISO 8336 / TIS 1427","Exterior Grade II Heavy Duty 16mm","SCG Smartboard / Shera","SCG Building Materials International","m²","15.4","15.4","2026-06-16","07.46.46","Active"
"MAT-FAC-003","Architectural Extruded Aluminum Aerofoil Sun Louver System 200mm Powder-Coated","Building Envelope","Facade & Cladding","Facade & Cladding","Architectural","AAMA 2604 / ASTM B221 / EN 12020 / Qualicoat Class 2","Architectural Alloy 6063-T6 / Heavy Duty","SCG / Alspec Architectural","SCG Building Materials International","m","35.2","35.2","2026-06-19","08.91.00","Active"
"MAT-FIN-001","Homogeneous Glazed Porcelain Floor Tile 600x600mm","Finishes","Ceramic & Porcelain Tiling","Floor Finishes","Architectural","ISO 13006 / EN 14411 Annex G","First Grade (AAA Selected)","COTTO Grandis Marble series","SCG Building Materials","m²","17.05","17.05","2026-08-15","09.30.13","Active"
"MAT-FIN-002","Interior Anti-Bacterial Acrylic Emulsion Paint","Finishes","Paints & Coatings","Internal Wall Finishes","Architectural","Green Label / ASTM D2486","Super Sheen Class 1","Dulux EasyClean / Nippon Odour-less","Apex Supply / AkzoNobel","liter","0","0","","09.91.23","Active"
"MAT-FLR-001","5.0mm Stone Plastic Composite (SPC) Click Lock Flooring with 1.0mm IXPE Underlayment","Finishes","Resilient Flooring","Flooring","Architectural","EN 13329 / ASTM F3261 / ISO 10582 / FloorScore Certified","Class 33 Heavy Commercial / 0.55mm Wear Layer","SCG / Dawn Floors","Dawn Floors Cambodia","m²","15.95","15.95","2026-06-15","09.65.00","Active"
"MAT-FLR-002","Engineered Teakwood Parquet Flooring 15mm (3mm Burmese Teak Wear Layer)","Finishes","Timber Flooring","Flooring","Architectural","EN 13489 / ASTM D1037 / FSC Certified","Select & Better Grade (Uniform grain, minimal sapwood)","Mekong Timber Solutions","Dawn Floors Cambodia","m²","59.95","59.95","2026-06-18","09.64.00","Active"
"MAT-FLR-003","Heavy Commercial Homogeneous Vinyl Sheet 2.0mm Anti-Bacterial & Anti-Static","Finishes","Resilient Flooring","Flooring","Architectural","EN ISO 10581 Type I / ASTM F1913 / ISO 22196","Homogeneous Type I / Wear Group T","Tarkett / Gerflor","Dawn Floors Cambodia","m²","24.09","24.09","2026-06-22","09.65.16","Active"
"MAT-GLS-001","Double-Glazed Low-E Insulated Glass Unit 28mm (6+16Ar+6)","Finishes","Façade Glazing","Building Envelope Façade","Architectural","ASTM C1036 / EN 1279 Parts 1-4","Commercial Façade Grade","AGC Planibel Low-E / Saint-Gobain","AGC Flat Glass Indochina","m²","113.85","113.85","2026-08-25","08.44.00","Active"
"MAT-GLZ-001","12mm Clear Tempered Glass Frameless Partition with Polished Pencil Edges","Finishes","Glass & Glazing","Glass & Glazing","Architectural","ASTM C1048 Kind FT / EN 12150-1 / ANSI Z97.1","Tempered Float Safety Glass 12mm","AGC Flat Glass Asia","AGC Indochina Glass Works","m²","42.35","42.35","2026-06-15","08.81.00","Active"
"MAT-GLZ-002","Low-E Double Glazed Unit (DGU) 6mm Low-E + 12A + 6mm Clear Tempered","Finishes","Glass & Glazing","Glass & Glazing","Architectural","ASTM E2190 / EN 1279 / ASTM C1376","Double Glazed Low-E Solar Control","AGC Sunergy / Planibel","AGC Indochina Glass Works","m²","86.57","86.57","2026-06-20","08.81.10","Active"
"MAT-GLZ-003","10.76mm Clear Laminated Safety Glass (5mm Float + 0.76mm PVB + 5mm Float)","Finishes","Glass & Glazing","Glass & Glazing","Architectural","EN ISO 12543 / ASTM C1172 / AS/NZS 2208","Laminated Grade A Safety","AGC / Saflex Interlayer","AGC Indochina Glass Works","m²","47.08","47.08","2026-06-18","08.81.20","Active"
"MAT-HRD-001","Häfele SUS304 Heavy Duty Mortise Sash Lockset with Lever Handles & Euro Cylinder","Openings","Ironmongery & Hardware","Ironmongery & Hardware","Architectural","EN 12209 / EN 1906 / DIN 18251 / CE Certified","Commercial Grade SUS304 / Class 3","Häfele Architectural","Häfele Cambodia Co., Ltd.","set","50.93","50.93","2026-06-08","08.71.00","Active"
"MAT-HRD-002","Dormakaba Concealed Overhead Cam-Action Door Closer TS93 EN 2-5","Openings","Ironmongery & Hardware","Ironmongery & Hardware","Architectural","EN 1154 / CE Marked / Certifire CF119 / ANSI A156.4","EN 1154 Grade 1 (500,000 test cycles)","Dormakaba","Häfele Cambodia Co., Ltd.","piece","122.65","122.65","2026-06-10","08.71.10","Active"
"MAT-HRD-003","Heavy Duty Hydraulic Floor Spring 150kg for Frameless Tempered Glass Swing Doors","Openings","Ironmongery & Hardware","Ironmongery & Hardware","Architectural","EN 1154 / DIN 18263 / ANSI Grade 1","Heavy Duty 150kg / Class 1","GMT / Häfele","Häfele Cambodia Co., Ltd.","set","73.48","73.48","2026-06-12","08.71.20","Active"
"MAT-INS-001","Rockwool Mineral Wool Thermal Acoustic Slab 50mm 80kg/m³","Thermal & Moisture Protection","Acoustic & Thermal Insulation","Thermal & Fire Barrier","Architectural","EN 13162 / ASTM C612 Class 1","Safe-n-Silent Pro 380","Rockwool / SCG Fiber","SCG Building Materials","m²","0","0","","07.21.00","Active"
"MAT-INS-002","Extruded Polystyrene (XPS) High Density Roof Insulation Board 50mm","Thermal & Moisture Protection","Thermal & Acoustic Insulation","Thermal & Acoustic Insulation","Architectural","ASTM C578 Type IV / EN 13164","XPS Grade 350 kPa","Knauf / Foamular","Rockwool & Insulation Systems Cambodia","m²","12.7","12.7","2026-06-12","07.21.10","Active"
"MAT-INS-003","Closed-Cell Cross-Linked Polyethylene (XLPE) Foil-Faced Duct Insulation 25mm","Thermal & Moisture Protection","Thermal & Acoustic Insulation","Thermal & Acoustic Insulation","MEP","BS 476 Part 6 & 7 Class 0 / ASTM C1427","Cross-Linked XLPE Class 0","Sekisui / Aerofoam","Rockwool & Insulation Systems Cambodia","m²","6.43","6.43","2026-06-15","23.07.13","Active"
"MAT-INS-004","Rockwool Safe'n'Silent Pro 60 Acoustic Partition Batt 50mm","Thermal & Moisture Protection","Thermal & Acoustic Insulation","Thermal & Acoustic Insulation","Architectural","ASTM C665 / EN 13162 / BS 476 Part 4 / ASTM E84 Class A","Acoustic Stone Wool 60 kg/m³","Rockwool Roxul","Rockwool Firesafe Cambodia","m²","6.93","6.93","2026-06-10","07.21.00","Active"
"MAT-MAS-001","Autoclaved Aerated Concrete (AAC) Block 600x200x100mm","Masonry","Lightweight Blockwork","Architectural Partitions","Architectural","EN 771-4 / ASTM C1693","Grade B3 / Class 4","SCG Smart Block / E-Block","SCG Building Materials","m²","12.37","12.37","2026-07-25","04.20.00","Active"
"MAT-MAS-002","Red Clay Hollow Bricks (4-Hole 80x80x180mm)","Masonry","Clay Bricks","Wet Area Enclosures","Architectural","Local Industry Standard / TIS 77","Class 1 Hard Burnt","Kampong Cham Brick Works","Local Kiln Manufacturers","piece","0","0","","04.20.00","Active"
"MAT-MEP-001","uPVC Pressure Pipe Class 8.5 (110mm OD x 4.0m)","Plumbing & MEP","Drainage & Water Piping","Sanitary Plumbing Stacks","MEP","TIS 17-2532 / BS 3505 Class 8.5","Class 8.5 Heavy Duty","SCG Elephant Brand / TPC","Thai Plastic and Chemicals","meter","0","0","","22.11.16","Active"
"MAT-MEP-002","PPR Hot & Cold Water Pressure Pipe PN20 (25mm OD)","Plumbing & MEP","Potable Water Piping","Domestic Potable Water Supply","MEP","DIN 8077 / DIN 8078 / ISO 15874","PN 20 Heavy Pressure","Aquatherm / SCG PPR","Thai Plastic and Chemicals","meter","0","0","","22.11.16","Active"
"MAT-MEP-003","XLPE Copper Armoured Power Cable 4-Core x 16mm²","Plumbing & MEP","Electrical Cables & Wiring","Electrical Power Distribution","MEP","IEC 60502-1 / BS 5467","CU/XLPE/SWA/PVC 0.6/1kV","Prysmian / Olympic Cable / Schneider","Schneider Electric Indo-China","meter","13.75","13.75","2026-08-18","26.05.19","Active"
"MAT-MRB-001","Cambodian Pursat White Natural Marble Slab 18mm Polished","Finishes","Natural Stone & Marble","Marble & Stone","Architectural","ASTM C503 / EN 1469 / EN 12058","Grade Select Pursat White","Pursat Natural Marble / Cambodian Stone","Dongpeng & Cotto Stone Trading Phnom Penh","m²","75.9","75.9","2026-07-10","09.30.33","Active"
"MAT-MRB-002","Black Galaxy Granite Slab 20mm Polished for Vanity Tops & Counters","Finishes","Natural Stone & Marble","Marble & Stone","Architectural","ASTM C615 / EN 1469","Commercial First Choice (Dense Golden Flecks)","Black Galaxy Stone Center","Dongpeng & Cotto Stone Trading Phnom Penh","m²","86.24","86.24","2026-07-10","09.30.33","Active"
"MAT-PNT-001","TOA 4-Seasons / Jotun Majestic Interior Acrylic Low-VOC Emulsion (3-Coat System)","Finishes","Paints & Coatings","Painting","Architectural","TIS 2321-2549 / ASTM D2486 / Green Label Singapore","Premium Architectural Emulsion","TOA 4-Seasons / Jotun Majestic True Beauty","TOA Paint (Cambodia) Co., Ltd.","m²","3.41","3.41","2026-07-01","09.91.23","Active"
"MAT-PNT-002","TOA SuperShield / Jotun Jotashield Exterior WeatherShield Anti-Fungal Paint","Finishes","Exterior Coatings","Painting","Architectural","ASTM D412 / ASTM G154 (Weathering) / TIS 1114","Exterior WeatherShield Extreme","TOA SuperShield Titanium / Jotun Jotashield Extreme","TOA Paint (Cambodia) Co., Ltd.","m²","5.72","5.72","2026-07-01","09.91.23","Active"
"MAT-PNT-003","SikaFloor-264 Heavy-Duty Solvent-Free Epoxy Floor Coating (3-Layer System)","Finishes","Specialty Flooring & Coatings","Painting","Architectural","EN 1504-2 / ASTM D695 / ASTM D4060","Heavy Commercial / Industrial Grade","Sika / Master Builders","Sika Cambodia Ltd.","m²","11.99","11.99","2026-06-10","09.67.00","Active"
"MAT-ROOF-001","Lysaght Clean COLORBOND® Standing Seam Metal Roof 0.48mm BMT with 50mm PU Core","Building Envelope","Roofing Systems","Roofing","Architectural","AS 1397 / AS 2728 / ASTM A792 / EN 10346","Hi-Tensile G550 / AZ150 Coating Class","BlueScope Lysaght","Lysaght BlueScope Cambodia Ltd.","m²","27.28","27.28","2026-06-05","07.31.13","Active"
"MAT-ROOF-002","SCG Prestige Flat Concrete Interlocking Roof Tile with Dry-Fix Ridge System","Building Envelope","Roofing Systems","Roofing","Architectural","TIS 535 / EN 490 / ASTM C1492","Architectural Flat Concrete Tile Class A","SCG Prestige","SCG Building Materials International","m²","20.51","20.51","2026-06-08","07.32.16","Active"
"MAT-RSF-001","All-Steel Bare Cementitious Core OA Raised Access Floor 600x600mm (300mm FFH)","Finishes","Access Flooring Systems","Raised Floor","Architectural","CISCA / MOB PF2 PS/SPU / EN 12825 Class 3A","Heavy Commercial OA-500/600","Dawn Floors / Maxgrid Access Floors","Dawn Floors & Mekong Interior Solutions","m²","43.78","43.78","2026-07-02","09.69.00","Active"
"MAT-RSF-002","Anti-Static High-Pressure Laminate (HPL) Calcium Sulphate Raised Floor for Data Centers","Finishes","Access Flooring Systems","Raised Floor","Architectural","EN 12825 Class 5A / CISCA / DIN 4102-A2","Data Center Grade Anti-Static HPL","Dawn Floors / Lindner / M-Floor","Dawn Floors & Mekong Interior Solutions","m²","71.17","71.17","2026-07-02","09.69.00","Active"
"MAT-SAN-001","Toto Wall-Hung Vitreous China Water Closet with Geberit Concealed Dual-Flush Cistern","MEP","Sanitary Fixtures","Sanitary & Plumbing","MEP","ASME A112.19.2 / EN 997 / WELS 3-Ticks / SS 574","Class 1 Vitreous China / Luxury Commercial","Toto / Geberit","SCG Building Materials International","set","364.1","364.1","2026-06-11","22.42.13","Active"
"MAT-SAN-002","Grohe Deck-Mounted Single-Lever Chrome Brass Basin Mixer Tap with EcoJoy Aerator","MEP","Sanitary Fixtures","Sanitary & Plumbing","MEP","EN 817 / ASME A112.18.1 / NSF/ANSI 61 / WELS 3-Tick","Commercial Heavy DR Brass","Grohe Architectural","SCG Building Materials International","piece","66.33","66.33","2026-06-13","22.42.39","Active"
"MAT-SAN-003","SUS304 Stainless Steel Linear Shower Trench Drain 100x800mm with Anti-Odor Water Trap","MEP","Sanitary Fixtures","Sanitary & Plumbing","MEP","EN 1253-1 / ASME A112.6.3 / ISO 9001","SUS304 Architectural Grade","Apex / Hafele Sanitary","Apex Construction Supply & Hardware","set","30.36","30.36","2026-06-15","22.13.19","Active"
"MAT-STL-001","High-Yield Deformed Steel Rebar Gr 500B (T16 - T25)","Metals & Rebar","Reinforcing Steel","Structural Reinforcement","Civil/Structural","BS 4449:2005 / ASTM A615 Gr 60","B500B / Grade 60","Hoa Phat / Kyoei","Hoa Phat Steel Vietnam","ton","794.2","794.2","2026-08-20","03.21.00","Active"
"MAT-STL-002","Deformed Steel Rebar Gr 500B (T10 - T12 Stirrups)","Metals & Rebar","Reinforcing Steel","Concrete Reinforcement","Civil/Structural","BS 4449:2005 Grade B500B","B500B","Hoa Phat Steel","Hoa Phat Steel Vietnam","ton","0","0","","03.21.00","Active"
"MAT-STL-003","Structural Universal Beams UB 305x165x40.3 (S355JR)","Metals & Rebar","Structural Steelwork","Structural Steel Framing","Civil/Structural","EN 10025-2 / BS 4-1","S355JR / ASTM A572 Gr 50","Nippon Steel / Posco","Nippon Steel Trading","ton","0","0","","05.12.00","Active"
"MAT-TILE-001","Homogeneous Polished Porcelain Floor Tile 600x600mm Nano Glaze (Cotto / Dongpeng)","Finishes","Ceramic & Porcelain Tiling","Tiling","Architectural","ISO 13006 Group BIa / EN 14411","First Grade AAA Rectified","Cotto / Dongpeng Ceramics","Dongpeng & Cotto Stone Trading Phnom Penh","m²","16.39","16.39","2026-06-25","09.30.13","Active"
"MAT-TILE-002","Glazed Ceramic Wall Tile 300x600mm Rectified (Cotto / White Horse)","Finishes","Ceramic & Porcelain Tiling","Tiling","Architectural","ISO 13006 Group BIII / EN 14411","Grade A Rectified Monocottura","Cotto / White Horse Ceramic","Dongpeng & Cotto Stone Trading Phnom Penh","m²","12.92","12.92","2026-06-25","09.30.13","Active"
"MAT-TILE-003","Polymer-Modified High-Performance Tile Adhesive C2TE (Weber.tai fix / SikaCeram 200)","Finishes","Tile Adhesives & Grouts","Tiling","Architectural","EN 12004 / ISO 13007 Class C2TE","Class C2TE High Adhesion","Weber.tai fix / SikaCeram-200 TileFix","Sika Cambodia / Weber Saint-Gobain","bag","8.74","8.74","2026-07-05","09.30.13","Active"
"MAT-TILE-004","Large Format Sintered Porcelain Slab 1200x2400mm 9mm Thickness Polished Statuario","Finishes","Tiling Systems","Tiling","Architectural","ISO 13006 Group Bla / EN 14411 / ANSI A137.1","First Choice / Premium Sintered Slab Group Bla","Dongpeng / Cotto Grandezza","Dongpeng & Cotto Stone Trading Phnom Penh","m²","39.82","39.82","2026-06-17","09.30.13","Active"
"MAT-TILE-005","Heavy Duty Anti-Slip R11 Vitrified Exterior Paving Tile 600x600x20mm for Pool Concourse","Finishes","Tiling Systems","Tiling","Architectural","ISO 13006 Bla / DIN 51130 R11 / EN 14411","Heavy Traffic Outdoor Paver 20mm","SCG Cotto / Dongpeng","Dongpeng & Cotto Stone Trading Phnom Penh","m²","26.23","26.23","2026-06-19","09.30.22","Active"
"MAT-TRM-001","Pre-Construction Soil Chemical Drenching Termiticide Barrier (Fipronil 2.5% EC)","Thermal & Moisture Protection","Pest & Termite Treatment","Anti-Mite / Termite","Civil/Structural","ASTM D3345 / AS 3660.1 / Singapore Standard SS 509","Pre-Construction Soil Barrier","Termidor / Premise / PestLab Standard","PestLab Exterminator Cambodia","m²","1.71","1.71","2026-06-18","31.31.16","Active"
"MAT-TRM-002","Sub-Slab Termite Reticulation Piping Network System with External Recharge Ports","Thermal & Moisture Protection","Pest & Termite Treatment","Anti-Mite / Termite","Civil/Structural","AS 3660.2 / CIRIA C745","Engineered Termite Reticulation System","Termguard / PestLab Reticulation","PestLab Exterminator Cambodia","meter","4.29","4.29","2026-06-18","31.31.16","Active"
"MAT-WIN-001","Powder-Coated Aluminum Sliding Window with 6mm Clear Tempered Glass (Xingfa Profile)","Openings","Aluminum Windows & Glazing","Window","Architectural","AAMA/WDMA/CSA 101 / EN 12210 / EN 12150","Commercial Grade Sliding 1.4mm","Xingfa / Zhongshan Aluminum","Kimmex Architectural / Local Glazing Fabricator","m²","96.8","96.8","2026-07-08","08.51.00","Active"
"MAT-WIN-002","Double-Glazed Soundproof & Low-E Insulated Glass Window (6mm+12A+6mm Argon)","Openings","Energy-Efficient Glazing","Window","Architectural","EN 1279 / ASTM E2190 / ASTM C1048 / EN 14351","High Performance Thermal Break Low-E","Asahi Glass (AGC) / Xingfa Thermal-Break","AGC Flat Glass / Kimmex Glazing Phnom Penh","m²","182.6","182.6","2026-07-15","08.51.00","Active"
"MAT-WIN-003","Heavy Commercial Thermal-Break Aluminum Sliding Window System with Stainless Steel Mesh","Openings","Windows & Glazing","Window","Architectural","EN 14351-1 / ASTM E283 / ASTM E330 / AAMA 101","Commercial Grade 100 Series Thermal-Break","YKK AP / SCG Windoor","Cambodia Doors JSC & Royal Door Co.","m²","119.68","119.68","2026-06-15","08.51.23","Active"
"MAT-WTR-001","SBS Bituminous Torch-on Waterproofing Membrane 4mm","Thermal & Moisture Protection","Sheet Waterproofing","Roof Waterproofing","Architectural","EN 13707 / ASTM D6164 Type I","Premium 4mm Granule","SikaBit PRO T-240 G","Sika Chemical Co.","m²","9.68","9.68","2026-08-10","07.13.00","Active"
"MAT-WTR-002","Polyurethane Liquid Waterproofing Coating (Sikalastic)","Thermal & Moisture Protection","Liquid Membrane","Wet Areas & Balconies","Architectural","ASTM C836 / ETAG 005","Commercial Grade","Sikalastic-560 / 612","Sika Chemical Co.","kg","0","0","","07.13.00","Active"
"MAT-WTR-003","SikaTop Seal 107 Polymer-Modified Cementitious Waterproofing Slurry (2-Component)","Thermal & Moisture Protection","Liquid Membrane Waterproofing","Waterproofing","Architectural","EN 1504-2 / DIN 1048 / ASTM D4541","Heavy Duty 2-Component Cementitious","SikaTop Seal 107 / Crocodile Elastic Shield","Sika Cambodia Ltd.","m²","8.69","8.69","2026-07-12","07.10.00","Active"
"MAT-WTR-004","Liquid-Applied Polyurethane (PU) Waterproofing Membrane (SikaRoof / MasterSeal)","Thermal & Moisture Protection","Liquid Membrane Waterproofing","Waterproofing","Architectural","ASTM C836 / ASTM D412 / ETAG 005 (25-year design life)","Exposed Roof UV-Stable PU","Sika SikaRoof MTC / MasterSeal 640","Sika Cambodia Ltd.","m²","17","17","2026-07-12","07.10.00","Active"